headline,summary,videolink
Python Tutorial: Zip Files – Creating and Extracting Zip Archives,"In this video, we will be learning how to create and extract zip archives. We will start by using the zipfile module, and then we will see how to do this using the shutil module. We will learn how to do this with single files and directories, as well as learning how to use gzip as well. Let’s get started…",https://www.youtube.com/watch?v=z0gguhEmWiY
Python Data Science Tutorial: Analyzing the 2019 Stack Overflow Developer Survey,"In this video, we will be learning how to create and extract zip archives. We will start by using the zipfile module, and then we will see how to do this using the shutil module. We will learn how to do this with single files and directories, as well as learning how to use gzip as well. Let’s get started…",https://www.youtube.com/watch?v=_P7X8tMplsw
Python Multiprocessing Tutorial: Run Code in Parallel Using the Multiprocessing Module,"In this video, we will be learning how to create and extract zip archives. We will start by using the zipfile module, and then we will see how to do this using the shutil module. We will learn how to do this with single files and directories, as well as learning how to use gzip as well. Let’s get started…",https://www.youtube.com/watch?v=fKl2JW_qrso
Python Threading Tutorial: Run Code Concurrently Using the Threading Module,"In this video, we will be learning how to create and extract zip archives. We will start by using the zipfile module, and then we will see how to do this using the shutil module. We will learn how to do this with single files and directories, as well as learning how to use gzip as well. Let’s get started…",https://www.youtube.com/watch?v=IEEhzQoKtQU
Update (2019-09-03),"In this video, we will be learning how to create and extract zip archives. We will start by using the zipfile module, and then we will see how to do this using the shutil module. We will learn how to do this with single files and directories, as well as learning how to use gzip as well. Let’s get started…",
Python Quick Tip: The Difference Between “==” and “is” (Equality vs Identity),"In this video, we will be learning how to create and extract zip archives. We will start by using the zipfile module, and then we will see how to do this using the shutil module. We will learn how to do this with single files and directories, as well as learning how to use gzip as well. Let’s get started…",https://www.youtube.com/watch?v=mO_dS3rXDIs
Python Tutorial: Calling External Commands Using the Subprocess Module,"In this video, we will be learning how to create and extract zip archives. We will start by using the zipfile module, and then we will see how to do this using the shutil module. We will learn how to do this with single files and directories, as well as learning how to use gzip as well. Let’s get started…",https://www.youtube.com/watch?v=2Fp1N6dof0Y
Visual Studio Code (Windows) – Setting up a Python Development Environment and Complete Overview,"In this video, we will be learning how to create and extract zip archives. We will start by using the zipfile module, and then we will see how to do this using the shutil module. We will learn how to do this with single files and directories, as well as learning how to use gzip as well. Let’s get started…",https://www.youtube.com/watch?v=-nh9rCzPJ20
Visual Studio Code (Mac) – Setting up a Python Development Environment and Complete Overview,"In this video, we will be learning how to create and extract zip archives. We will start by using the zipfile module, and then we will see how to do this using the shutil module. We will learn how to do this with single files and directories, as well as learning how to use gzip as well. Let’s get started…",https://www.youtube.com/watch?v=06I63_p-2A4
Clarifying the Issues with Mutable Default Arguments,"In this video, we will be learning how to create and extract zip archives. We will start by using the zipfile module, and then we will see how to do this using the shutil module. We will learn how to do this with single files and directories, as well as learning how to use gzip as well. Let’s get started…",https://www.youtube.com/watch?v=_JGmemuINww
